Zone,Author,Title,Series,Series #,Read,ISBN,Pages
Business,"Calkins, Tim",Breakthrough Marketing Plans,,,0,9781137107619,255
Business,"Caplan, Bryan",The Myth of the Rational Voter,,,0,9780691138732,296
Business,"Christensen, Clayton",The Innovator's Dilemma,,,0,9781422196021,256
Business,"Collins, Jim",Built to Last,,,0,9780062119087,368
Business,"Collins, Jim",Good to Great,,,1,9780066620992,400
Business,"Davenport, Thomas",Competing on Analytics,,,0,9781633693739,320
Business,"Dillehay, James",Sell Your Crafts Online,,,0,9781965258019,122
Business,"Drucker, Peter",Management Rev Ed,,,0,9780061252662,608
Business,"Drucker, Peter",The Effective Executive,,,0,9780060833459,208
Business,"Fadell, Tony",Build,,,0,9780063046078,416
Business,"Goldhill, David",Catastrophic Care,,,0,9780307961549,400
Business,"Goldratt, Eliyahu",The Goal,,,1,9781944195243,362
Business,"Hastings, Reed",No Rules Rules,,,0,9781984877871,320
Business,"Hickel, Jason",The Divide,,,0,9780393651362,352
Business,"Horowitz, Ben",The Hard Thing About Hard Things,,,0,9780062273215,304
Business,"Irwin, Neil",The Alchemists,,,0,9781101605806,448
Business,"Jarvis, Paul",Company Of One,,,0,9780358213253,272
Business,"Jorion, Philippe",Value at Risk,,,0,9780071355025,544
Business,"Knaflic, Cole Nussbaumer",Storytelling with Data,,,0,9781119002062,288
Business,"Kotler, Philip",Marketing Management 16th Edition Paperback,,,0,9780136708643,632
Business,"Liker, Jeffrey","The Toyota Way, Second Edition",,,0,9781260468526,448
Business,"Michalowicz, Mike",Profit First,,,0,9780735214163,224
Business,"Miller, Donald",Building a StoryBrand 2.0,,,0,9781400248889,240
Business,"Murphy, John",Technical Analysis of the Financial Markets,,,0,9780735200661,576
Business,"Nooyi, Indra",My Life in Full,,,0,9780593421321,320
Business,"Rasiel, Ethan",The McKinsey Way,,,0,9780070534483,208
Business,"Schumacher, Ernst F.",Small is Beautiful,,,0,,
Business,"Thier, Hadas",A People's Guide to Capitalism,,,0,9781642591699,300
Business,"Welch, Jack",Jack,,,0,9780759509214,496
Business,"Wheelan, Charles",Naked Economics,,,0,9780393356946,400
Business,"Wheelan, Charles",Naked Money,,,0,9780393292893,368
Business,"Wood, Ellen",The Origin of Capitalism,,,0,9781859843925,213
Craft,"Burgess, Rebecca",Harvesting Color,,,0,9781579654252,192
Craft,"Dean, Jenny",Wild Color,,,0,9780823058792,144
Craft,"Ellul, Matthew",How to Read Music in 30 Days,,,0,9781977904874,171
Craft,"Gingery, David",The Charcoal Foundry,Build Your Own Metal Working Shop from Scrap,1,0,9781878087003,
Craft,"Gingery, David",The Metal Lathe,Build Your Own Metal Working Shop from Scrap,2,0,9781878087010,
Craft,"Gingery, David",The Drill Press,Build Your Own Metal Working Shop from Scrap,3,0,9781878087041,
Craft,"Gingery, David",Milling Machine,Build Your Own Metal Working Shop from Scrap,4,0,9781878087034,
Craft,"Gingery, David",The Metal Shaper,Build Your Own Metal Working Shop from Scrap,5,0,9781878087027,
Craft,"Gingery, David",The Dividing Head and Deluxe Accessories,Build Your Own Metal Working Shop from Scrap,6,0,9781878087058,
Craft,"Gingery, David",Designing and Building the Sheet Metal Brake,Build Your Own Metal Working Shop from Scrap,7,0,9781878087065,551
Craft,"Hamelman, Jeffrey",Bread,,,0,9781118132715,464
Craft,"Hasluck, Paul",Bookbinding The Traditional Way,,,0,9781643890586,164
Craft,"Huang, Andrew",The Hardware Hacker,,,0,9781593277581,416
Craft,"Kingry, Judi",Ball Complete Book of Home Preserving,,,0,9780778801313,448
Craft,"Liles, J.N.",The Art and Craft of Natural Dyeing,,,0,9780870496707,254
Craft,"Michael, Valerie",The Leatherworking Handbook,,,0,9780304341764,128
Craft,"Palmer, Willard",Alfred's Basic Adult All-in-One Course,,,0,9780739082423,159
Craft,"Platt, Charles",Make: Electronics (Learning by Discovery),,,0,9780596153748,336
Craft,"Pleasant, Barbara",The Complete Compost Gardening Guide,,,0,9781580177023,1253
Craft,"Rea, Andrew",Binging with Babish,,,0,9781982167530,96
Craft,"Rea, Andrew",Eat What You Watch,,,0,9780998739953,132
Craft,"Seike, Kiyosi",The Art Of Japanese Joinery,,,0,9781645473862,128
Craft,"Silman, Jeremy",How to Reaccess Your Chess,,,0,9781890085131,658
Craft,"Silman, Jeremy",The Amateur's Mind,,,0,9781890085056,443
Craft,"Time-Life Books,",Roofs and Siding,Home Repair and Improvement,1,0,9780199102068,128
Craft,"Time-Life Books,",Built-Ins,Home Repair and Improvement,2,0,9780809424320,128
Craft,"Time-Life Books,",Repairing Furniture,Home Repair and Improvement,3,0,9781614275404,128
Craft,"Time-Life Books,",Paint and Wallpaper,Home Repair and Improvement,4,0,9780809423743,128
Craft,"Time-Life Books,",Kitchens and Bathrooms,Home Repair and Improvement,5,0,9780809423866,128
Craft,"Time-Life Books,",Heating and Cooling,Home Repair and Improvement,6,0,9780809424221,128
Craft,"Time-Life Books,",Doors and Windows,Home Repair and Improvement,7,0,9780809424320,128
Craft,"Time-Life Books,",Basic Wiring,Home Repair and Improvement,8,0,9780809473632,128
Craft,"Time-Life Books,",Landscaping,Home Repair and Improvement,9,0,9780809423743,128
Craft,"Time-Life Books,",Porches and Patios,Home Repair and Improvement,10,0,9780809423866,128
Craft,"Time-Life Books,",The Old House,Home Repair and Improvement,11,0,9780809424245,128
Craft,"Time-Life Books,",The Home Workshop,Home Repair and Improvement,12,0,,128
Craft,"Time-Life Books,",Space and Storage,Home Repair and Improvement,13,0,9780809473632,128
Craft,"Time-Life Books,",Special Purpose Rooms,Home Repair and Improvement,14,0,,128
Craft,"Time-Life Books,",New Living Spaces,Home Repair and Improvement,15,0,,128
Craft,"Time-Life Books,",Weatherproofing,Home Repair and Improvement,16,0,9780809423705,128
Craft,"Time-Life Books,",Masonry,Home Repair and Improvement,17,0,9780783539065,128
Craft,"Time-Life Books,",Adding On,Home Repair and Improvement,18,0,,128
Craft,"Time-Life Books,",Advanced Wiring,Home Repair and Improvement,19,0,,128
Craft,"Time-Life Books,",Energy Alternatives,Home Repair and Improvement,20,0,,128
Craft,"Time-Life Books,",Cleaning,Home Repair and Improvement,21,0,9780809423705,128
Craft,"Time-Life Books,",Plumbing,Home Repair and Improvement,22,0,9780809473700,128
Craft,"Time-Life Books,",Working with Wood,Home Repair and Improvement,23,0,,128
Craft,"Time-Life Books,",Home Security,Home Repair and Improvement,24,0,,128
Craft,"Time-Life Books,",Walls and Ceilings,Home Repair and Improvement,25,0,,128
Craft,"Time-Life Books,",Working with Plastics,Home Repair and Improvement,26,0,,128
Craft,"Time-Life Books,",Outdoor Structures,Home Repair and Improvement,27,0,9780809473700,128
Craft,"Time-Life Books,",Outdoor Recreation Areas,Home Repair and Improvement,28,0,,128
Fantasy,"Abercrombie, Joe",The Blade Itself,First Law,1,0,9780575079793,536
Fantasy,"Abercrombie, Joe",Before They Are Hanged ,First Law,2,0,9780316387354,560
Fantasy,"Abercrombie, Joe",Last Argument of Kings,First Law,3,0,9780316387408,70
Fantasy,"Abercrombie, Joe",The Heroes,First Law,5,0,9780575083851,560
Fantasy,"Catling, B.",The Vorrh (The Vorrh Trilogy),The Vorrh Trilogy,1,0,9781101873786,512
Fantasy,"Clarke, Susanna",Jonathan Strange & Mr Norrell,,,0,9781608190867,864
Fantasy,"Clarke, Susanna",Piranesi,,,0,9781635575637,272
Fantasy,"Dinniman, Matt",Dungeon Crawler Carl,Dungeon Crawler Carl,1,0,9780593820247,464
Fantasy,"Erikson, Steven",Gardens of the Moon,The Malazan Book of the Fallen,1,0,9780765348784,666
Fantasy,"Feist, Raymond",King of Ashes,The Firemane Saga,1,0,9780062315991,720
Fantasy,"Feist, Raymond",Queen of Storms,The Firemane Saga,2,0,9780062315939,464
Fantasy,"Feist, Raymond",Master of Furies,The Firemane Saga,3,0,9780063305403,496
Fantasy,"Gaiman, Neil",Good Omens,,,0,9780441008612,354
Fantasy,"Gemmell, David",Troy,Troy Trilogy,1,0,9780345494573,496
Fantasy,"Gwynne, John",Malice,The Faithful and the Fallen,1,0,9780316399739,656
Fantasy,"Islington, James",The Will of the Many,Hierarchy,1,0,9781668093290,720
Fantasy,"Jordan, Robert",The Eye of the World,Wheel of Time,1,0,9781250251466,864
Fantasy,"Jordan, Robert",The Great Hunt,Wheel of Time,2,0,9781250251480,736
Fantasy,"Jordan, Robert",The Dragon Reborn,Wheel of Time,3,0,9781250251497,704
Fantasy,"Jordan, Robert",Lord of Chaos,Wheel of Time,6,0,9781250251978,
Fantasy,"Jordan, Robert",Knife of Dreams,Wheel of Time,11,0,9781250252593,
Fantasy,"Jordan, Robert",The Gathering Storm,Wheel of Time,12,0,9781250252609,
Fantasy,"Jordan, Robert",A Memory of Light,Wheel of Time,14,0,9781250252623,560
Fantasy,"Kuang, R.F.",Babel,,,0,9780063021440,560
Fantasy,"Lynch, Scott",The Lies of Locke Lamora (Gentleman Bastards),Gentleman Bastards,1,0,9780553588941,736
Fantasy,"Martin, George R.R.",Fire & Blood,A Song of Ice and Fire,0,0,9781524796303,736
Fantasy,"Martin, George R.R.",A Game Of Thrones,A Song of Ice and Fire,1,1,9780553103540,835
Fantasy,"Martin, George R.R.",A Clash Of Kings,A Song of Ice and Fire,2,0,9780553108033,1040
Fantasy,"Martin, George R.R.",A Storm Of Swords,A Song of Ice and Fire,3,0,9780553381702,1177
Fantasy,"Martin, George R.R.",A Feast For Crows,A Song of Ice and Fire,4,0,9780007447862,1060
Fantasy,"Martin, George R.R.",A Dance with Dragons,A Song of Ice and Fire,5,0,9780553801477,1152
Fantasy,"Rothfuss, Patrick",The Name of the Wind,The Kingkiller Chronicle,1,0,9781101147160,722
Fantasy,"Rothfuss, Patrick",The Wise Man's Fear,The Kingkiller Chronicle,2,0,9780756407919,1120
Fantasy,"Sanderson, Brandon",Mistborn,Mistborn,1,0,9781250318541,672
Fantasy,"Sanderson, Brandon",The Well of Ascension,Mistborn,2,0,9781250318572,816
Fantasy,"Sanderson, Brandon",The Hero of Ages,Mistborn,3,0,9781250318626,784
Fantasy,"Sanderson, Brandon",The Way of Kings,The Stormlight Archive,1,1,9780575097346,1008
Fantasy,"Sanderson, Brandon",Words of Radiance,The Stormlight Archive,2,1,9781429949620,1088
Fantasy,"Sanderson, Brandon",Oathbringer,The Stormlight Archive,3,1,9780765399830,1248
Fantasy,"Sanderson, Brandon",Rhythm of War,The Stormlight Archive,4,1,9781429952040,1232
Fantasy,"Sanderson, Brandon",Wind and Truth,The Stormlight Archive,5,0,9781250319173,1248
Fantasy,"Sapkowski, Andrzej",The Last Wish,The Witcher,1,1,9780575082441,352
Fantasy,"Sapkowski, Andrzej",Sword of Destiny,The Witcher,2,1,9780316389716,416
Fantasy,"Sapkowski, Andrzej",Blood of Elves,The Witcher,3,0,9780316029193,416
Fantasy,"Sapkowski, Andrzej",The Time of Contempt,The Witcher,4,1,9780575085084,352
Fantasy,"Sapkowski, Andrzej",Baptism of Fire,The Witcher,5,1,9780316219167,400
Fantasy,"Sapkowski, Andrzej",The Tower of Swallows,The Witcher,6,1,9780316273763,464
Fantasy,"Sapkowski, Andrzej",The Lady of the Lake,The Witcher,7,0,9780316273770,560
Fantasy,"Sapkowski, Andrzej",Season of Storms,The Witcher,8,0,9780316441612,464
Fantasy,"Tolkien, J.R.R.",The Hobbit,,,0,9780345534835,304
Fantasy,"Tolkien, J.R.R.",The Silmarillion,,,0,9780048232304,432
Fantasy,"Tolkien, J.R.R.",The Fellowship of the Ring,Lord of the Rings,1,1,9780345339706,432
Fantasy,"Tolkien, J.R.R.",The Two Towers,Lord of the Rings,2,0,9780547952024,352
Fantasy,"Tolkien, J.R.R.",The Return of the King,Lord of the Rings,3,0,9780547952048,448
Fantasy,"White, T.H.",The Once and Future King,,,0,9780440000000,639
Genre Fiction,"Ahlborn, Ania",Seed,,,0,9781612183664,250
Genre Fiction,"Cornwell, Bernard",The Archer's Tale,The Grail Quest,1,0,9780066210841,384
Genre Fiction,"Cornwell, Bernard",The Winter King,The Warlord Chronicles,1,0,9781250099907,433
Genre Fiction,"Danielewski, Mark",House of Leaves,,,0,9780375420528,736
Genre Fiction,"Draanen, Wendelin",Flipped,,,0,9780375825446,224
Genre Fiction,"Eco, Umberto",Foucault's Pendulum,,,0,9780547539683,533
Genre Fiction,"Elliott, L.M.",Under a War-Torn Sky,,,1,9781484730607,288
Genre Fiction,"Ellis, Bret",American Psycho,,,0,9780679735779,976
Genre Fiction,"Follett, Ken",The Pillars of the Earth,,,0,9780451207142,976
Genre Fiction,"Hinton, S.E.",The Outsiders,,,1,9780140385724,192
Genre Fiction,"King, Stephen",11/22/1963,,,0,9781501120602,880
Genre Fiction,"Malerman, Josh",Bird Box: A Novel,,,0,9780062259660,480
Genre Fiction,"McAllister, Gillian",How to Disappear,,,0,9781405942423,480
Genre Fiction,"McMurtry, Larry",Lonesome Dove,,,0,9781439195260,864
Genre Fiction,"Michaelides, Alex",The Silent Patient,,,0,9781250301697,336
Genre Fiction,"Moreno, Gus",This Thing Between Us,,,0,9780374539238,272
Genre Fiction,"Paulsen, Gary",Hatchet,Brian's Saga,1,1,9780590981828,195
Genre Fiction,"Pressfield, Steven",Gates of Fire,,,0,9780553383683,400
Genre Fiction,"Rio, M.L.",If We Were Villains,,,0,9781250095299,368
Genre Fiction,"Stoker, Bram",Dracula,,,0,9780141439846,368
Genre Fiction,"Thurston, Carol",The Eye of Horus,,,0,9780380976966,400
Genre Fiction,"Zusak, Markus",The Book Thief,,,0,9780375842207,608
History,"Bevins, Vincent",The Jakarta Method,,,0,9781541724006,320
History,"Bray, Mark",Antifa: The Anti-Fascist Handbook,,,0,9781612197036,
History,"Brown, Dee",Bury My Heart at Wounded Knee: An Indian History of the American West,,,0,9780805017304,487
History,"Butler, Smedley",War is a Racket: The Antiwar Classic by America's Most Decorated Soldier,,,0,9780922915866,
History,"Camp, Richard",Ringed By Fire,,,1,9781778521621,336
History,"Campbell, Donovan",Joker One,,,1,9780812979565,336
History,"Caro, Robert A.",The Power Broker,,,0,9781555849122,355
History,"Coughlin, Jack",Shooter,,,1,9780312336868,336
History,"Drury, Bob",The Last Stand of Fox Company,,,0,9781555849122,355
History,"Durant, Will",The Lessons of History,,,0,9781439149959,128
History,"Eagleton, Terry",Why Marx Was Right,,,0,9780300169430,320
History,"Gaddis, John Lewis",On Grand Strategy,,,0,9780143132516,384
History,"Goldsworthy, Adrian",Caesar,,,0,9780300126891,608
History,"Golembesky, Michael",Level Zero Heroes,,,1,9781250030405,320
History,"Goodwin, Doris",Leadership,,,0,9781476795928,496
History,"Graham, Katharine",Personal History,,,0,9780394585857,642
History,"Greenwald, Glenn","No Place to Hide: Edward Snowden, the NSA, and the U.S. Surveillance State",,,0,9781627790734,128
History,"Hanson, Victor Davis",Carnage and Culture,,,0,,
History,"Harari, Yuval N.",Sapiens,,,0,9780062316110,578
History,"Hedges, Chris",America: The farewell tour,,,0,9781501152689,400
History,"Hillenbrand, Laura",Unbroken,,,1,9781984818447,528
History,"Keegan, John",The Face of Battle,,,0,9780486478500,
History,"Kluger, Jeffrey",Apollo 13,,,0,9780618619580,432
History,"Kropotkin, Peter","The Conquest of Bread (Dover Books on History, Political and Social Science)",,,0,9780486478500,
History,"Marshall, Tim",Prisoners of Geography,,,0,9781783962433,319
History,"Marx, Karl",The Communist Manifesto,,,0,9780553900637,48
History,"Mattis, Jim",Call Sign Chaos,,,0,9780812996845,320
History,"Osterweil, Vicky",In Defense of Looting,,,0,,
History,"Paine, Thomas",Common Sense,,,0,9781541647107,
History,"Parenti, Michael",Blackshirts and Reds,,,0,9780872863293,165
History,"Plutarch,",Selected Lives,,,0,9784805311981,288
History,"Scott, James",Seeing Like a State,,,0,9780300246759,354
History,"Sunkara, Bhaskar",The Socialist Manifesto,,,0,9781541647107,
History,"""Thucydides, """,History of the Peloponnesian War,,,0,9780140440393,648
History,"Tuchman, Barbara W.",A Distant Mirror,,,0,9781600000000,182
History,"Tuchman, Barbara W.",The Guns of August,,,0,9780345476098,640
Life,"Ahrens, Sönke",How to Take Smart Notes,,,0,9783982438818,188
Life,"Albom, Mitch",Tuesdays with Morrie,,,1,9780767905923,192
Life,"Altmann, Tanya Remer",What to Feed Your Baby,,,0,9780062404947,336
Life,"Anderson, Chris",TED Talks,,,0,9780544664364,288
Life,"Beattie, Melody",Codependent No More,,,0,9781592857920,288
Life,"Beattie, Melody",The New Codependency,,,0,9781439102145,288
Life,"Blaber, Pete","The Mission, The Men, and Me",,,0,9780425223727,336
Life,"Boghossian, Peter",How to Have Impossible Conversations,,,0,9780738285337,272
Life,"Brodsky, Andrew",Ping,,,0,9781668055267,336
Life,"Brott, Armin",The Expectant Father,,,0,9780789212139,336
Life,"Brown, Brene",Dare to Lead,,,0,9780399592546,320
Life,"Carnegie, Dale",How to Win Friends & Influence People,,,1,9789773772598,320
Life,"Covey, Stephen",The 7 Habits of Highly Effective People,,,0,9780743272452,464
Life,"Coyle, Daniel",The Culture Code,,,0,9780804176989,304
Life,"Davies, Simone",The Montessori Baby,,,0,9781523512409,368
Life,"Davies, Simone",The Montessori Toddler: A Parent's Guide to Raising a Curious and Responsible Human Being,,,0,9781523506897,208
Life,"Elgin, Suzette",The Gentle Art of Verbal Self-Defense,,,0,9780880290302,310
Life,"Ezzo, Gary","On Becoming Baby Wise, Book Two",,,0,9780971453210,150
Life,"Greene, Robert",Mastery,,,0,9780143124177,368
Life,"Greene, Robert",The Concise 33 Strategies of War,,,0,9780670034574,208
Life,"Greene, Robert",The Concise 48 Laws of Power,,,0,9781847651358,208
Life,"Grenny, Joseph",Crucial Conversations,,,0,9780071401944,304
Life,"Haber, Jonathan",MOOCs,,,0,9780262526913,248
Life,"Heinrichs, Jay","Thank You for Arguing, Fourth Edition",,,0,9780385347785,480
Life,"Holiday, Ryan",The Daily Dad,,,0,9780593539057,432
Life,"Howland, Genevieve",The Mama Natural Week-by-Week Guide to Pregnancy and Childbirth,,,0,9781501146671,528
Life,"Humes, James","Speak Like Churchill, Stand Like Lincoln",,,0,9780761563518,224
Life,"Institute, Arbinger",Leadership and Self Deception,,,0,9781576759776,322
Life,"Kishimi, Ichiro",The Courage to Be Disliked,,,0,9781982100391,272
Life,"Lencioni, Patrick",The Five Dysfunctions of a Team,,,0,9780787960759,229
Life,"Marquet, L. David",Turn the Ship Around!,,,0,9781101623695,272
Life,"""Mayo Clinic, """,Mayo Clinic Guide to a Healthy Pregnancy,,,0,9780795351693,512
Life,"McConaughey, Matthew",Greenlights,,,0,9780593139134,
Life,"Mccoy, Bryan",The Passion of Command,,,0,9780940000000,82
Life,"McKeown, Greg",Essentialism,,,0,9780804137409,288
Life,"Murkoff, Heidi Eisenberg",What to Expect the First Year,,,0,9780761148319,704
Life,"Murkoff, Heidi Eisenberg","What to Expect When Youre Expecting, 4th Edition",,,0,9780761150794,656
Life,"Newport, Cal",Deep Work,,,0,9780349411903,296
Life,"Newport, Cal",Digital Minimalism,,,0,9780241341131,304
Life,"Nichols, Lily",Real Food for Pregnancy,,,1,9780986295041,346
Life,"Oster, Emily",Cribsheet,,,0,9780525559276,352
Life,"Oster, Emily",Expecting Better,,,0,9780593833209,368
Life,"Parker, Priya",The Art of Gathering,,,0,9781594634932,320
Life,"Pressfield, Steven",The War of Art,,,0,9781936891023,190
Life,"Pueblo, Yung",The Way Forward (Yung Pueblo),,,0,9781524874834,240
Life,"Rebelo, Lane",Baby Sign Language Made Easy,,,0,9781640000000,168
Life,"Scott, Kim Malone",Radical Candor,,,0,9781509845378,272
Life,"Siegel, Daniel Richard",The Whole-Brain Child,,,0,9780393709155,192
Life,"Sinek, Simon",Leaders Eat Last,,,0,9780670923182,368
Life,"Sinek, Simon",Start with Why,,,1,9781591842804,256
Life,"Thompson, George","Verbal Judo, Second Edition",,,0,9780062107701,224
Life,"Toogood, Granville",The New Articulate Executive,,,0,9780070653382,240
Life,"Voss, Chris",Never Split the Difference,,,0,9780062407818,288
Life,"Walsh, Bill",The Score Takes Care of Itself,,,0,9781101109014,288
Life,"Willink, Jocko",Leadership Strategy and Tactics,,,0,9781250334800,320
Literary Fiction,"Akkad, Omar","One Day, Everyone Will Have Always Been Against This",,,0,9780593804148,208
Literary Fiction,"Albom, Mitch",The Five People You Meet in Heaven,,,0,9781401308582,196
Literary Fiction,"Beckett, Samuel",Nohow On,,,0,9780802134264,116
Literary Fiction,"Bernhard, Thomas",Correction,,,0,9780099442547,256
Literary Fiction,"Bernhard, Thomas",The Loser,,,0,9780394572390,189
Literary Fiction,"Borges, Jorge",Labyrinths,,,0,9780140029819,288
Literary Fiction,"Camus, Albert",The Stranger,,,1,9780679720201,123
Literary Fiction,"Canetti, Elias",Auto Da Fe,,,0,9780330255561,428
Literary Fiction,"Carpenter, Don",Hard Rain Falling,,,0,9781590173244,336
Literary Fiction,"Coetzee, J.M.",Waiting for the Barbarians,,,0,9780140061109,192
Literary Fiction,"Dazai, Osamu",No Longer Human,,,0,9780811220071,177
Literary Fiction,"Didion, Joan",The Year of Magical Thinking,,,1,9781400043149,240
Literary Fiction,"Dostoyevsky, Fyodor",Demons (Penguin Classics),,,0,9780141441412,842
Literary Fiction,"Dostoyevsky, Fyodor",Notes From Underground,,,0,9780679734529,139
Literary Fiction,"Dostoyevsky, Fyodor",The Brothers Karamazov,,,0,9780451530608,928
Literary Fiction,"Dostoyevsky, Fyodor",White Nights,,,0,9780486114132,52
Literary Fiction,"Duras, Marguerite",The Ravishing of Lol Stein,,,0,9780394743042,192
Literary Fiction,"Everett, Percival",James,,,0,9780385550888,320
Literary Fiction,"Flores, Fernando",Tears of the Trufflepig,,,0,9780374538330,336
Literary Fiction,"Frank, E.",America,,,0,9781481451383,304
Literary Fiction,"Golding, William",Lord of the Flies,,,0,,
Literary Fiction,"""Hardy, Thomas""",Jude the Obscure,,,0,9780140435382,484
Literary Fiction,"Hawthorne, Nathaniel",The Scarlet Letter,,,1,9780679783381,192
Literary Fiction,"Heller, Peter",The Dog Stars (Vintage Contemporaries),,,0,9780307950475,336
Literary Fiction,"Hosseini, Khaled",The Kite Runner,,,1,9781101547502,370
Literary Fiction,"Ishiguro, Kazuo",Never Let Me Go,,,0,9781400078776,288
Literary Fiction,"Kafka, Franz",The Metamorphosis,,,0,9781557427663,44
Literary Fiction,"Kafka, Franz",The Trial,,,0,,
Literary Fiction,"Keegan, Claire",Small Things Like These,,,0,9780802158758,128
Literary Fiction,"Kesey, Ken",Sometimes a Great Notion,,,0,9780140045291,640
Literary Fiction,"Knausgaard, Karl-Ove",My Struggle,,,0,9780374534141,448
Literary Fiction,"Kosinski, Jerzy",The Painted Bird,,,0,9780156027328,326
Literary Fiction,"Kundera, Milan",Immortality,,,0,9780802111111,345
Literary Fiction,"Kundera, Milan",The Unbearable Lightness of Being,,,0,9780060914653,314
Literary Fiction,"Lee, Harper",To Kill a Mockingbird,,,0,9780307265432,287
Literary Fiction,"Lispector, Clarice",Agua Viva (penguin Translated Texts),,,0,9780141197364,88
Literary Fiction,"Mann, Thomas",The Magic Mountain,,,0,9780375507250,509
Literary Fiction,"Martel, Yann",Life of Pi,,,0,9780156027328,326
Literary Fiction,"Maxwell, William","So Long, See You Tomorrow",,,0,9780679767206,144
Literary Fiction,"McCarthy, Cormac",Child of God,,,0,9780791085837,136
Literary Fiction,"McCarthy, Cormac",No Country for Old Men,,,0,9780307277039,309
Literary Fiction,"McCarthy, Cormac",The Road,,,1,9780307265432,287
Literary Fiction,"McCourt, Frank",Angela's Ashes,,,0,9780684874357,368
Literary Fiction,"Melville, Herman",Moby Dick,,,0,9780142437247,720
Literary Fiction,"Miller, Madeline",The Song of Achilles,,,0,9781408826133,416
Literary Fiction,"Mitchell, David",Cloud Atlas,,,0,9780375507250,509
Literary Fiction,"Morselli, Guido",Dissipatio H.G.,,,0,9781681374765,144
Literary Fiction,"Musil, Robert","The Man Without Qualities, Volume I",,,0,9780399501524,365
Literary Fiction,"Orwell, George",1984,,,1,9781783190614,96
Literary Fiction,"Orwell, George",Animal Farm,,,0,9780791085837,136
Literary Fiction,"Powers, Richard",The Overstory,,,0,9781785151637,512
Literary Fiction,"Proust, Marcel",In Search of Lost Time Volume IV Sodom and Gomorrah,,,0,9780375753107,784
Literary Fiction,"Pynchon, Thomas",Gravity's Rainbow,,,0,9781101594650,776
Literary Fiction,"Quinn, Daniel",Ishmael,,,0,9780553375404,263
Literary Fiction,"Rivabella, Omar",Requiem for a Woman's Soul,,,0,9780140097733,128
Literary Fiction,"Robinson, Marilynne",Housekeeping: A Novel,,,0,9780374173135,691
Literary Fiction,"Rum, Etaf",Evil Eye,,,0,9780062987907,
Literary Fiction,"Saramago, Jose",Blindness,,,0,9780151002511,352
Literary Fiction,"Sartre, Jean-Paul",Nausea,,,0,9780316055444,771
Literary Fiction,"Schweblin, Samanta",Fever Dream,,,0,9780399184598,192
Literary Fiction,"Sebald, W.G.",The Rings of Saturn,,,0,9780811214131,296
Literary Fiction,"Steinbeck, John",East of Eden,,,0,9781440631320,691
Literary Fiction,"Steinbeck, John",The Grapes of Wrath,,,0,9780140042399,581
Literary Fiction,"Svevo, Italo",Confessions of Zeno,,,0,9780679722342,416
Literary Fiction,"Tartt, Donna",The Goldfinch,,,0,9780316055444,771
Literary Fiction,"Tartt, Donna",The Little Friend,,,0,9781400031696,832
Literary Fiction,"Tartt, Donna",The Secret History,,,1,9780307765697,576
Literary Fiction,"Tolstoy, Leo",The Death of Ivan Ilyich,,,0,9781425008444,64
Literary Fiction,"Tolstoy, Leo",War and Peace,,,0,9781904633853,1440
Literary Fiction,"Wells, Benedict",The End of Loneliness,,,0,9780525505785,
Literary Fiction,"Williams, John",Stoner,,,1,9781590179284,288
Literary Fiction,"Yanagihara, Hanya",A Little Life,,,0,9780804172707,832
Literary Fiction,"Yates, Richard",Revolutionary Road,,,0,9780195056228,312
Literary Fiction,"Yoshikawa, Eiji",Musashi,,,0,9784770019578,984
Literary Fiction,"Zafón, Carlos Ruiz",The Shadow of the Wind,,,0,9780143126393,487
Literary Fiction,"Zweig, Stefan",Beware of Pity (New York Review Classics),,,0,9781590172001,392
Philosophy,"Adler, Mortimer",How to Read a Book,,,0,9781439144831,448
Philosophy,"Allen, Ansgar",Cynicism,,,0,9780262356213,280
Philosophy,"Aristotle,",The Art of Rhetoric,,,0,9780191036248,304
Philosophy,"Aristotle,",The Nicomachean Ethics,,,0,9781624661198,400
Philosophy,"Aurelius, Marcus",Meditations,,,0,9781853264863,304
Philosophy,"Austin, J.L.",How to Do Things with Words,,,0,9781790000000,733
Philosophy,"Bachelard, Gaston",The Poetics of Space,,,0,9780143107521,304
Philosophy,"Bateson, Gregory",Steps to an Ecology of the Mind,,,0,9780345332912,95
Philosophy,"Beauvoir, Simone de",The Ethics Of Ambiguity,,,0,9781504054218,162
Philosophy,"Becker, Ernest",The Denial of Death,,,0,9780684832401,336
Philosophy,"Blanchot, Maurice",The Writing of the Disaster,,,0,9780803261204,153
Philosophy,"Camus, Albert",The Myth of Sisyphus,,,0,9780141182001,160
Philosophy,"Carse, James",Finite and Infinite Games,,,0,9781476731711,160
Philosophy,"Cassirer, Ernst",An Essay on Man,,,0,9780300254075,162
Philosophy,"Cioran, E.M.",The Trouble with Being Born,,,0,9781611457407,224
Philosophy,"Derrida, Jacques",Voice and Phenomenon,,,0,9780810127654,160
Philosophy,"Descartes, Rene",Discourse on Method and the Meditations,,,0,9780486432526,188
Philosophy,"Eliade, Mircea",The Myth of the Eternal Return,,,0,9780691017778,195
Philosophy,"Emerson, Ralph Waldo",Nature,,,0,9798860000000,89
Philosophy,"Engelland, Chad",Phenomenology,,,0,9780262539319,264
Philosophy,"Farnsworth, Ward",The Socratic Method,,,0,9781567926866,264
Philosophy,"Fisher, Mark",Capitalist Realism,,,0,9781803414300,160
Philosophy,"Foer, Jonathan Safran",Eating Animals,,,0,9780241950838,341
Philosophy,"Frankl, Viktor",Man's Search for Meaning,,,0,9780807067994,192
Philosophy,"Gadamer, Hans",Truth and Method,,,0,9780824504311,551
Philosophy,"Gracián, Baltasar",The Art of Worldly Wisdom,,,0,9781494740061,130
Philosophy,"Graeber, David",Bullshit Jobs,,,0,9783608982459,336
Philosophy,"Haber, Jonathan",Critical Thinking,,,0,9780262538282,232
Philosophy,"Hall, E.",Philosophical Systems a Categorical Analysis,,,0,9780226313214,164
Philosophy,"Hayakawa, S.I.",Language in Thought and Action,,,0,9780807067994,192
Philosophy,"Heidegger, Martin",Being and Time,,,0,9780061575594,130
Philosophy,"Heraclitus,",Fragments,,,0,9780670891955,128
Philosophy,"Hitchens, Christopher",Letters to a Young Contrarian (Art of Mentoring),,,0,9780465030323,
Philosophy,"Illich, Ivan",Tools for Conviviality,,,0,9780061575594,
Philosophy,"James, William",Pragmatism,,,0,9780486282701,112
Philosophy,"Joseph, Sister Miriam",The Trivium,,,0,9781589882737,292
Philosophy,"Kant, Immanuel",Critique of Pure Reason,,,0,9780521657297,336
Philosophy,"Kaufman, Stephen",Musashi's Book of Five Rings,,,0,9781462906369,128
Philosophy,"Kripke, Saul",Naming and Necessity,,,0,9780674598461,192
Philosophy,"Krishnamurti, Jiddu",Freedom from the Known,,,0,9780060648084,124
Philosophy,"Kuhn, Thomas",The Structure of Scientific Revolutions,,,0,9780226458144,264
Philosophy,"Lakoff, George",Metaphors We Live By,,,0,9780226468013,242
Philosophy,"Locke, John",An Essay Concerning Human Understanding,,,0,9780760760499,416
Philosophy,"Machiavelli, Niccolò",The Prince,,,0,9780521349932,114
Philosophy,"Marx, Karl",Capital Vol-1,,,0,9780141920603,1152
Philosophy,"Mello, Anthony",Awareness,,,0,9780385249379,184
Philosophy,"Miłosz, Czesław",The Captive Mind,,,0,9780578186801,114
Philosophy,"Mumford, Lewis",Technics and Civilization,,,0,9780141920603,1152
Philosophy,"Nietzsche, Friedrich",Beyond Good and Evil,,,0,9780857088482,272
Philosophy,"Ord, Toby",The Precipice,,,0,,
Philosophy,"Paul, Richard",The Thinker's Guide to The Art of Socratic Questioning,,,0,9781538133811,96
Philosophy,"""Piemonte, Nicole""",Death and Dying (The MIT Press Essential Knowledge series),,,0,9780262542425,248
Philosophy,"Pirsig, Robert",Zen and the Art of Motorcycle Maintenance,,,0,9780099786405,448
Philosophy,"Plato,",Apology,,,0,9781775451457,36
Philosophy,"Plato,",The Republic,,,0,9780199535767,320
Philosophy,"Pye, David",The Nature and Art of Workmanship,,,0,9780713689310,144
Philosophy,"Sartre, Jean-Paul",Existentialism is a Humanism,,,1,9780300115468,328
Philosophy,"Schopenhauer, Arthur",The Essays of Arthur Schopenhauer,,,0,9781512367591,76
Philosophy,"Schopenhauer, Arthur","The World as Will and Representation, Vol. 1",,,0,9780486132785,694
Philosophy,"Seneca,",Letters from a Stoic ,,,0,9780140442106,254
Philosophy,"Seneca,",On The Shortness Of Life,,,0,9781941129425,46
Philosophy,"Sennett, Richard",The Craftsman,,,0,9780300151190,326
Philosophy,"Shook, John",Pragmatism,,,0,9789004495135,296
Philosophy,"Smith, Huston",The World's Religions,,,0,9780061660184,448
Philosophy,"Taleb, Nassim Nicholas",Antifragile,,,0,9780679645276,544
Philosophy,"Tarski, Alfred",Introduction to Logic and to the Methodology of Deductive Sciences,,,0,9781614275404,258
Philosophy,"Thacker, Eugene",In the Dust of This Planet,,,0,9781846946769,179
Philosophy,"Thoreau, Henry David",Walden & Civil Disobedience,,,0,9781504013772,320
Philosophy,"Tsunetomo, Yamamoto",Hagakure,,,0,9784805311981,288
Philosophy,"Tzu, Sun",The Art of War,,,0,9780465013272,232
Philosophy,"Weil, Simone",Gravity and Grace,,,0,9780415290012,224
Philosophy,"Weston, Anthony",A Rulebook for Arguments,,,0,9780872209541,104
Philosophy,"Whitehead, Alfred",Process and Reality,,,0,9780029345702,413
Philosophy,"Yudkowsky, Eliezer",Map and Territory (Rationality,,,0,9781939311238,231
Psychology,"Ariely, Dan",Predictably Irrational,,,0,9780061353239,380
Psychology,"Barkley, Russell",Taking Charge of Adult ADHD,,,0,9781462546855,294
Psychology,"Becker, Gavin",The Gift of Fear,,,0,9780440226192,432
Psychology,"Berry, Wendell",The Unsettling of America,,,0,9780871568779,240
Psychology,"Cabane, Olivia Fox",The Charisma Myth,,,0,9781591845942,272
Psychology,"Carr, Nicholas",The Shallows: What the Internet Is Doing to Our Brains,,,0,9780393339758,272
Psychology,"Cialdini, Robert","Influence, New and Expanded",,,0,9780062937674,592
Psychology,"Cialdini, Robert",Pre-Suasion,,,0,9781501109805,592
Psychology,"Collins, Randall",Interaction Ritual Chains,,,0,9780691090276,464
Psychology,"Crawford, Matthew",Shop Class as Soulcraft,,,0,9781101057292,256
Psychology,"Dobelli, Rolf",The Art of Thinking Clearly,,,0,9780062359803,384
Psychology,"Duckworth, Angela",Grit,,,0,9781647825621,352
Psychology,"Duke, Annie",Thinking in Bets,,,0,9780735216365,288
Psychology,"Epstein, David",Range,,,0,9780735214484,368
Psychology,"Galef, Julia",The Scout Mindset,,,0,9780349427645,288
Psychology,"Gallwey, W. Timothy",The Inner Game of Tennis,,,0,9780307758859,192
Psychology,"Gladwell, Malcolm",Talking to Strangers,,,0,9780316535625,400
Psychology,"Gonzales, Laurence",Deep Survival,,,0,9780393353716,336
Psychology,"Haidt, Jonathan",The Righteous Mind,,,0,9780307455772,528
Psychology,"Housel, Morgan",The Psychology of Money,,,0,9780857197689,256
Psychology,"""Johnson, Sue""",Hold Me Tight,,,0,9780316113007,320
Psychology,"Kahneman, Daniel","Thinking, Fast and Slow",,,0,9780385676526,499
Psychology,"""Le Bon, Gustave""",The Crowd (Annotated),,,0,9798320973838,140
Psychology,"Lerner, Harriet",The Dance of Anger,,,0,9780060741044,239
Psychology,"""Manning, Shari""",Loving Someone with Borderline Personality Disorder,,,0,9781593856076,253
Psychology,"McRaney, David",You Are Not So Smart,,,0,9781592407361,320
Psychology,"Merkel, Jim",Radical Simplicity,,,0,9781550923360,288
Psychology,"Miller, Rory",Meditations on Violence,,,0,9781594399770,202
Psychology,"Moore, Robert","King, Warrior, Magician, Lover",,,0,9780062506061,192
Psychology,"Pink, Daniel",Drive,,,0,9781101524381,288
Psychology,"Pinker, Steven",The Blank Slate,,,0,9780142003343,528
Psychology,"Postman, Neil",Amusing Ourselves to Death,,,0,9780143036531,208
Psychology,"Reeves, Richard",Of Boys and Men,,,0,9780815740667,288
Psychology,"Rosenberg, Marshall",Nonviolent Communication,,,0,9781892005540,264
Psychology,"Rushkoff, Douglas",Coercion,,,0,9781573228299,304
Psychology,"Sapolsky, Robert",Behave,,,0,9781594205071,800
Psychology,"Scott, S.",Mindful Relationship Habits,,,0,9781983507946,354
Psychology,"Shaheen, Keila",The Shadow Work Journal,,,0,9798218951276,132
Psychology,"Waitzkin, Josh",The Art of Learning,,,0,9780743277464,288
Psychology,"Weber, Max",The Protestant Ethic and the Spirit of Capitalism,,,0,9780415254069,320
Psychology,"Zuboff, Shoshana",The Age of Surveillance Capitalism,,,0,9781781256855,691
Reference,"Dickson, Murray",Where There Is No Dentist,,,0,9780942364057,283
Reference,"Donahue, Gary",Network Warrior: Everything you need to know that wasn't on the CCNA exam,,,0,9780596101510,487
Reference,"Estes, Kenneth","Marine Officer's Guide, 7th Edition",,,0,9781590000000,616
Reference,"Geron, Aurelien",Hands-On Machine Learning,,,0,9781492032595,848
Reference,"Hastie, Trevor",The Elements of Statistical Learning,,,0,9780387216065,552
Reference,"Kjellström, Björn",Be Expert with Map and Compass,,,0,9780020292654,242
Reference,"Kurose, James",Computer Networking,,,0,9789356061316,820
Reference,Liddell & Scott,An Intermediate Greek-English Lexicon,Greek Reference,3,0,9780282484729,918
Reference,"McKinney, Wes",Python for Data Analysis,,,0,9781491957615,466
Reference,"Merriam-Webster,","Merriam-Webster's Collegiate Dictionary, 11th Edition",Dictionaries,1,0,9780877798095,1664
Reference,"Messing, Gordon",Greek Grammar,Greek Reference,1,0,9780670000000,784
Reference,"Nemeth, Evi",UNIX and Linux System Administration Handbook (5th Edition),,,0,9780134277554,1232
Reference,"Oxford University Press,",Compact Oxford English Dictionary,Dictionaries,2,0,9780199561742,1253
Reference,"Rankin, Kyle",Linux Hardening in Hostile Networks,,,0,9780134173269,272
Reference,"Scout, N.",The Guerrilla's Guide to the Baofeng Radio,,,0,9798366525107,
Reference,"Tilton, Buck",Wilderness First Responder,,,0,9780762754564,320
Reference,"U.S. DoD,",The Armed Forces Officer,,,0,9781600000000,182
Reference,"USMC,",Marine Corps Doctrinal Publication MCDP 1,USMC Doctrine,24,1,9781790686674,112
Reference,"USMC,",Marine Corps Doctrinal Publication MCRP 3-11.1A,USMC Doctrine,25,0,,128
Reference,"USMC,",Marine Corps Doctrinal Publication McDp 1-6,USMC Doctrine,26,0,9781790000000,733
Reference,"Werner, David",Where There Is No Doctor,,,0,9780942364156,446
Science & Systems,"Baggio, Giosue",Neurolinguistics,,,0,9780262543262,224
Science & Systems,"Barbour, Julian",The End of Time,,,0,9780199760893,384
Science & Systems,"Bertalanffy, Ludwig Von",General System Theory,,,0,9780807604533,296
Science & Systems,"Bertsekas, Dimitri",Dynamic Programming and Optimal Control,,,0,9781886529120,387
Science & Systems,"Bryson, Bill",A Short History of Nearly Everything,,,0,9780767908184,560
Science & Systems,"Campbell, Bruce",Introduction to Space Sciences and Spacecraft Applications,,,0,9780080478739,344
Science & Systems,"Capra, Fritjof",The Systems View of Life,,,0,9781316616437,510
Science & Systems,"Ceruzzi, Paul",Computing,,,0,9780262517676,199
Science & Systems,"Clemen, Robert",Making Hard Decisions with Decision Tools,,,0,9780495015086,752
Science & Systems,"Costandi, Moheb",Neuroplasticity,,,0,9780262337076,192
Science & Systems,"Damasio, Antonio",The Feeling of What Happens,,,0,9780156010757,386
Science & Systems,"Darwin, Charles",The Origin of Species,,,0,9781304737878,576
Science & Systems,"Deutsch, David",The Beginning of Infinity,,,0,9781101549827,487
Science & Systems,"Epstein, Richard",The Theory of Gambling and Statistical Logic,,,0,9780122407611,450
Science & Systems,"Hawking, Stephen",A Brief History of Time,,,0,9780553380163,212
Science & Systems,"Hofstadter, Douglas","Gödel, Escher, Bach",,,0,9780465026562,824
Science & Systems,"Hofstadter, Douglas",I Am a Strange Loop,,,0,9780465030798,436
Science & Systems,"Kauffman, Stuart",At Home in the Universe,,,0,9780195095999,336
Science & Systems,"Kelleher, John",Data Science,,,0,9780262347037,280
Science & Systems,"Maturana, Humberto",The Tree of Knowledge,,,0,9780877736424,272
Science & Systems,"Mcgilchrist, Iain",The Master and His Emissary,,,0,9780300245929,616
Science & Systems,"Meadows, Donella",Thinking in Systems,,,0,9781603581486,240
Science & Systems,"Mlodinow, Leonard",The Drunkard's Walk,,,0,9780307377548,272
Science & Systems,"Mukherjee, Siddhartha",The Emperor of All Maladies,,,0,9781439170915,592
Science & Systems,"Neufeld, Michael",Spaceflight,,,0,9780262536332,248
Science & Systems,"Parthasarathy, Raghuveer",So Simple a Beginning,,,0,9780691258676,336
Science & Systems,"Pomerantz, Jeffery",Metadata,,,0,9780262331197,254
Science & Systems,"Roach, Mary",Packing for Mars,,,0,9780393079104,336
Science & Systems,"Rosenbaum, Paul R.",Causal Inference,,,0,9780262545198,224
Science & Systems,"Sagan, Carl",Cosmos,,,0,9780345539434,432
Science & Systems,"Schneier, Bruce",Data and Goliath: The Hidden Battles to Capture Your Data and Control Your World,,,0,9780393244816,304
Science & Systems,"Stewart, Ian",Does God Play Dice? The New Mathematics of Chaos,,,0,9780141928074,416
Science & Systems,"Stewart, Ian",In Pursuit of the Unknown,,,0,9780465029730,360
Science & Systems,"Strogatz, Steven",The Joy of x,,,0,9780547517650,336
Science & Systems,"""Taleb, Nassim Nicholas""",Fooled by Randomness,,,0,9781587990717,220
Science & Systems,"Topol, Eric",Deep Medicine,,,0,9781541644618,400
Science & Systems,"Tyson, Neil deGrasse",Astrophysics for People in a Hurry,,,0,9780393609400,224
Science & Systems,"Von Neumann, John",The Computer and the Brain,,,0,9780300181111,136
Science & Systems,"Walker, Matthew",Why We Sleep,,,0,9781501144318,368
Science & Systems,"Wheelan, Charles",Naked Statistics,,,0,9780393089820,304
Science & Systems,"""Wiener, Norbert""",Cybernetics,,,0,9780262536332,212
Science & Systems,"Wolfram, Stephen",A New Kind of Science,,,0,9781579550080,1192
Science Fiction,"Abnett, Dan",Horus Rising,The Horus Heresy,1,0,9781789992175,416
Science Fiction,"Asimov, Isaac",Foundation,Foundation,1,1,9780553293357,314
Science Fiction,"Brown, Pierce",Red Rising,Red Rising,1,1,9780345539793,382
Science Fiction,"Brown, Pierce",Golden Son,Red Rising,2,1,9780345539823,464
Science Fiction,"Brown, Pierce",Morning Star,Red Rising,3,1,9780345539847,544
Science Fiction,"Brown, Pierce",Iron Gold,Red Rising,4,1,9780425285923,596
Science Fiction,"Brown, Pierce",Dark Age,Red Rising,5,1,9780425285954,400
Science Fiction,"Brown, Pierce",Light Bringer,Red Rising,6,1,9780425285992,704
Science Fiction,"Chambers, Becky","The Long Way to a Small, Angry Planet",,,0,9780062444134,464
Science Fiction,"Clarke, Arthur",Childhood's End,,,0,9780795324970,256
Science Fiction,"Clarke, Arthur",2001,Space Odyssey,1,0,9781405882361,256
Science Fiction,"Doctorow, Cory",Little Brother,,,0,9780765323118,416
Science Fiction,"DuPrau, Jeanne",The City of Ember,The City of Ember,1,0,9780375822742,270
Science Fiction,"DuPrau, Jeanne",The People of Sparks,The City of Ember,2,0,9780375828256,352
Science Fiction,"DuPrau, Jeanne",The Prophet of Yonwood,The City of Ember,3,0,9780440421245,289
Science Fiction,"DuPrau, Jeanne",The Diamond of Darkhold,The City of Ember,4,0,9780375855719,304
Science Fiction,"El-Mohtar, Amal",This Is How You Lose the Time War,,,0,9781534430990,224
Science Fiction,"Farmer, Nancy",The House of the Scorpion,,,1,9781665918589,432
Science Fiction,"Harkin, Jo",Tell Me an Ending,,,0,9781982164324,448
Science Fiction,"Harvey, Samantha",Orbital,,,0,9780802161550,136
Science Fiction,"Huxley, Aldous",Brave New World,,,0,9780060850524,288
Science Fiction,"Keyes, Daniel",Flowers For Algernon,,,0,9780156030304,311
Science Fiction,"Le Guin, Ursula",The Dispossessed,,,0,9780061054884,400
Science Fiction,"Le Guin, Ursula",The Left Hand of Darkness,,,0,9780441478125,304
Science Fiction,"Lem, Stanislaw",Solaris,,,0,9780156027601,224
Science Fiction,"McNeill, Graham",False Gods,The Horus Heresy,2,0,9781849707473,416
Science Fiction,"Morgan, Richard K.",Altered Carbon,,,0,,
Science Fiction,"qntm, ",There Is No Antimemetics Division,,,0,9780593983751,
Science Fiction,"Robinson, Kim",The Ministry for the Future,,,0,9780316300131,576
Science Fiction,"Simmons, Dan",Hyperion,Hyperion Cantos,1,1,9780553283686,481
Science Fiction,"Simmons, Dan",The Fall of Hyperion,Hyperion Cantos,2,1,9780553288209,528
Science Fiction,"Simmons, Dan",Endymion,Hyperion Cantos,3,1,9780553572940,576
Science Fiction,"Simmons, Dan",The Rise Of Endymion,Hyperion Cantos,4,1,9780553572988,720
Science Fiction,"Stephenson, Neal",Anathem,,,0,9780061474101,1008
Science Fiction,"Stephenson, Neal",Cryptonomicon,,,0,9780380788620,64
Science Fiction,"Strugatsky, Arkady",Hard To Be A God,,,0,9781473208292,246
Science Fiction,"Weir, Andy",The Martian,,,1,9780804139021,400
Science Fiction,"Wells, H.G.",The War of the Worlds,,,0,9781398834408,
Science Fiction,"Wolfe, Gene",Shadow & Claw,The Book of the New Sun,1,0,9780312890179,416
Science Fiction,"Wolfe, Gene",The Sword of the Lictor,The Book of the New Sun,3,0,9780671499457,257
Science Fiction,"Wolfe, Gene",The Citadel of The Autarch,The Book of the New Sun,4,0,9780671496661,330
Word,"Alighieri, Dante",The Inferno,,,1,9780812967210,320
Word,"Balme, Maurice",Athenaze: Book I,Athenaze,1,0,9780195149562,359
Word,"Balme, Maurice",Athenaze: Book II,Athenaze,2,0,9780195056228,312
Word,"Baudelaire, Charles",The Flowers of Evil,,,0,9780192835451,70
Word,"Bayles, David",Art & Fear,,,0,,
Word,"Booth, Wayne C.",The Craft of Research,,,0,,
Word,"Carson, Anne",Plainwater,,,0,9780375708428,272
Word,"Celan, Paul",Selected Poems and Prose of Paul Celan,,,0,9780393322248,416
Word,"Clark, Roy Peter",Writing Tools,,,0,9780316014991,288
Word,"Dickinson, Emily",The Collected Poems of Emily Dickinson,,,0,9781512405323,400
Word,"Dillard, Annie",Pilgrim at Tinker Creek,,,0,,
Word,"Eliot, T.S.",The Waste Land And Other Poems,,,0,9781101200766,96
Word,"Fish, Stanley Eugene",How to Write a Sentence,,,0,9780062006851,176
Word,"Forsyth, Mark",The Elements of Eloquence,,,0,9780425276181,256
Word,"Franzen, Jonathan",How to Be Alone,,,0,9780374707644,320
Word,"""Gay, Ross""",The Book of Delights,,,0,9781616207922,288
Word,"Getty, Barbara",Book Write Now By B. Getty & I. Dubay,,,0,9780982776223,
Word,"Homer,",The Iliad,,,0,,
Word,"Homer,",The Odyssey,,,0,9781398845860,
Word,"Jabès, Edmond",The Book of Questions,,,0,9780819560438,175
Word,"Kipling, Rudyard",Rudyard Kipling's Verse: Definitive Edition,,,0,,
Word,"Lawall, Gilbert",Athenaze: Workbook I,Athenaze,3,0,9780190607692,172
Word,"Lawall, Gilbert",Athenaze: Workbook II,Athenaze,4,0,9780195149575,226
Word,"Leopold, Aldo",A Sand County Almanac,,,0,,
Word,"Lopez, Barry",Arctic Dreams,,,0,,
Word,"Manguso, Sarah",Ongoingness,,,0,9781555977658,104
Word,"Milton, John",Paradise Lost,,,0,9781603842259,480
Word,"Minto, Barbara",The Pyramid Principle,,,0,9780273710516,189
Word,"Morris, William",Selected Writings and Designs,,,0,,
Word,"Nelson, Maggie",Bluets,,,0,9781933517407,112
Word,"Pessoa, Fernando",The Book of Disquiet,,,0,9781847652379,544
Word,"Pinker, Steven",The Sense of Style,,,0,9780670025855,368
Word,"""Poe, Edgar Allan""",Edgar Allan Poe: Complete Stories and Poems (Fall River Classics),,,0,9781435144583,
Word,"Poe, Edgar Allan",The Raven,,,0,9781443441216,54
Word,"Rilke, Rainer",Letters to a Young Poet (Classic Wisdom Collection),,,0,9780931432941,112
Word,"Roman, Kenneth",Writing That Works,,,0,9780062031525,193
Word,"Schutz, Samantha",You Are Not Here,,,0,9780545169110,
Word,"Shakespeare, William",The Complete Works of William Shakespeare,,,0,9781630000000,1392
Word,"Sophocles,",Three Tragedies: Oedipus the King / Oedipus at Colonus / Antigone,,,0,,
Word,"Steadman, Geoffrey",Plato's Republic I,,,0,9780984306541,120
Word,"Sullivan, Louis",Kindergarten Chats and Other Writings,,,0,9781614275855,256
Word,"Virgil,",The Aeneid,,,0,,
Word,"Wheelock, Frederic M.","Wheelock's Latin, 7th Edition",Wheelock Latin Series,1,0,9780061997228,608
Word,"""Xenophon, ""","The Sea, The Sea (Penguin Epics)",,,0,9780141026312,96
Word,"Zinsser, William",On Writing Well,,,0,9780060891541,336
